Control,ash-2,prx-5,fat-2,fat-7,plin-1,hosl-1,atgl-1,spas-1,pmp-4,lpin-1,seip-1,acs-4,acs-22,fitm-2,dgat-2,acs-5,acs-13,acs-17,prx-19,Y7A5A.1,syx-5,alh-4,rab-7,prx-11,spg-20,ads-1,ctl-3,tomm-22,sod-1,fard-1,snx-13,mctp-1,faah-4,acdh-1,ech- 1,F46H5.3,dhs-9,dhs-4,dhs-19,tkt1,cgi-58,acdh-12,F13D12.9,dhs-28,spl-1,gpx-1,ftn-1 ,maoc-1,lpd-5,daf-22,T25G3.4,gpx-1(tm2100) mutant,hlh-2 RNAi,hlh-3 RNAi,nhr-64 RNAi,Y44A6D.3 RNAi,hlh-11 RNAi,nhr-49 RNAi,nhr-62 RNAi,nhr-79 RNAi,sbp-1 RNAi,C25H3.11-vps13d RNAi
0.95911693,1.90433361,0.84563759,1.29272281,0.19460343,2.07731308,1.46740535,1.38863652,0.53581662,2.28939828,0.48739496,0.30106221,0.966887,1.139073,1.251656,0.980132,0.437086,1.675497,1,1.24378109,0.44776119,0.39800995,0.91684435,0.17057569,0.32693674,1.05899076,0.25195482,0.45178106,1.23370982,0.26933102,0.52997394,0.85143354,0.67767159,0.81668115,2.14566929,0.43307087,0.56102362,0.90551181,0.66929134,1.71259843,0.07874016,0.24606299,1.1515748,0.40789329,0.34174843,0.29765186,0.926028,1.51030757,1.44416272,1.02524529,0.50711057,0.76066586,1.022744503,0.792266869,1.498104625,0.835481425,1.339651251,1.008339651,0.24,0.742857143,0.914285714,0.485581395,0.745599
0.91741619,2.44644317,1.16778524,1.95993459,0.72281276,1.61723703,2.05198146,1.19659105,1.5465616,1.61962751,0.07563025,0.25402124,1.370861,1.039735,1.417219,1.403974,0.258278,1.178808,0.205298,1.93319119,1.28642502,0.23454158,0.68230277,0.51172708,0.50461976,1.20113717,0.40834057,0.09556907,0.66898349,0.53866203,0.20851434,0.81668115,1.09470026,0.46915725,0.40354331,1.49606299,1.2007874,0.80708661,1.09251969,1.55511811,0.13779528,0.57086614,1.70275591,0.47403814,0.37482086,0.81578657,0.39686914,0.926028,0.231507,1.157535,0.28662771,1.26777643,0.576194086,0.749052312,0.619408643,1.181197877,1.440485216,0.691432904,0.308571429,1.725714286,1.428571429,0.310232558,1.24912
1.41782502,2.37694195,1.69127517,1.09811938,0.4309076,1.05956909,1.86109947,1.65454564,2.67908309,2.69126074,0.22689076,0.42336874,1.569536,1.145695,1.397351,1.649007,0.668874,1.470199,1.198675,1.42857143,1.23667377,0.10660981,1.06609808,0.44065387,0.26297086,0.56858564,0.59079062,0.40834057,0.6516073,0.29539531,0.26933102,1.66811468,1.26846221,0.85143354,0.31496063,0.75787402,0.45275591,1.73228346,1.68307087,0.79724409,0.13779528,0.87598425,2.44094488,0.28662771,0.308676,0.28662771,0.40789329,0.63940029,0.59530372,1.47723514,0.17638629,1.14651086,1.670962851,1.181197877,0.662623199,1.253222138,0.345716452,0.792266869,0.194285714,1.005714286,0.537142857,0.175348837,1.181338
0.80621423,2.73834832,1.80201343,1.26492232,0.77841374,2.67680611,0.88282923,2.52613665,2.55730659,1.19340974,0.39495798,0.71502276,1.139073,1.271523,1.139073,1.410596,0.337748,1.735099,0.337748,0.77469794,1.32906894,0.11371713,1.05188344,0.32693674,0.47619048,1.52807392,0.28670721,0.94700261,0.88618593,0.26933102,0.18245004,1.41615986,0.71242398,0.46915725,0.30511811,1.9488189,0.38385827,1.2007874,0.97440945,1.23031496,0.23622047,0.71850394,0.77755906,0.31970014,0.40789329,0.48506229,1.37801786,1.71976629,0.89295557,0.540183,0.71656929,0.62837614,1.411675512,1.123578469,0.403335861,0.849886277,0.129643669,0.230477635,0.205714286,0.914285714,1.234285714,1.011627907,0.948944
1.89043336,1.91823385,0.93624161,1.36222404,0.4309076,1.19898607,1.92075009,2.28977299,2.19197708,1.89971347,0.69747899,0.36691957,1.298013,0.86755,1.119205,1.039735,0.317881,0.476821,0.907285,0.7604833,0.53304904,0.46908316,0.31982942,0.3127221,0.4832978,0.83866382,0.13900956,1.49435274,0.99044309,0.22589053,1.15551694,1.13814075,0.84274544,0.35621199,0.66929134,0.6496063,0.11811024,0.53149606,0.76771654,0.35433071,0.0984252,0.6496063,0.6988189,1.22367986,1.14651086,1.06934186,0.35277257,0.74964172,0.56223129,0.67247272,0.63940029,0.65042443,0.605003791,0.720242608,0.893100834,1.526914329,0.230477635,1.613343442,0.468571429,0.445714286,0.88,1.213953488,2.294894
1.12591987,1.6263287,1.62080537,2.27964023,0.63941128,1.56147023,1.00213048,1.66931837,0.57234957,1.3517192,0.21848739,0.44218513,1.423841,1.89404,0.450331,1.364238,0.311258,1.205298,1.337748,1.99715707,1.11584932,0.32693674,0.44776119,0.5188344,0.7960199,0.78891258,0.11294526,1.52910513,0.85143354,1.19895743,0.23457863,1.16420504,1.14682884,0.19982624,1.70275591,1.93897638,0.35433071,1.42716535,1.1023622,0.23622047,0.20669291,1.48622047,1.54527559,1.17958329,0.59530372,0.80476243,1.53235586,1.466211,1.48825929,1.080366,0.80476243,0.52915886,0.518574678,0.792266869,0.691432904,1.46929492,0.73464746,1.426080364,0.228571429,1.371428571,0.868571429,0.161860465,2.265845
0.18070319,1.54292723,2.0637584,2.0572363,1.09811938,2.96958178,2.23093333,0.78295463,1.85100286,1.19340974,0.8907563,0.49863429,1.18543,0.715232,0.437086,0.741722,0.231788,1.231788,0.668874,2.21037669,0.38379531,0.57569296,0.43354655,0.24875622,0.4832978,0.95948827,0.44309296,0.6429192,0.22589053,0.49522155,0.55603823,1.11207646,1.20764553,0.61685491,1.04330709,1.12204724,1.14173228,1.51574803,1.28937008,0.79724409,0.10826772,1.56496063,1.33858268,1.35596957,0.48506229,0.37482086,0.463014,0.83783486,0.540183,1.01422114,0.385845,0.50711057,1.872630781,0.648218347,0.86429113,0.993934799,0.403335861,0.705837756,0.48,0.902857143,1.085714286,0.620465116,0.794014
0.25020442,1.1676206,1.38926175,0.736713,1.08421913,2.48162233,1.94461034,2.21590934,1.76575931,1.60744986,0.27731092,1.02549317,1.218543,0.503311,0.887417,1.13245,0.794702,1.728477,0.874172,1.94740583,1.14427861,0.30561478,1.09452736,0.23454158,0.14925373,1.10163468,0.20851434,1.9200695,0.77324066,1.02519548,1.31190269,0.94700261,0.6429192,0.33883579,1.78149606,1.24015748,0.67913386,1.25984252,0.79724409,1.78149606,0.28543307,0.82677165,1.25,0.79373829,0.52915886,0.41891743,1.05831772,0.71656929,0.93705214,1.12446257,0.56223129,0.47403814,0.432145565,1.195602729,1.426080364,1.181197877,1.310841547,1.253222138,0.742857143,0.662857143,1.325714286,0.337209302,1.733275
0.08340147,2.07113655,2.71812081,2.27964023,0.62551104,1.67300382,1.37196435,1.75795475,1.14469914,0.53581662,0.68067227,0.37632777,1.311258,1.556291,1.304636,0.986755,0.304636,0.874172,0.887417,0.64676617,1.13717129,0.50461976,0.75337598,0.2771855,0.26297086,0.50461976,1.32059079,1.35534318,0.70373588,1.52910513,1.07732407,0.36490009,0.44309296,0.15638575,1.63385827,1.25984252,2.02755906,1.50590551,0.77755906,1.33858268,0.37401575,0.66929134,2.25393701,1.774887,0.37482086,0.16536214,0.37482086,1.40006614,1.02524529,1.003197,0.926028,1.24572814,0.979529947,1.282031842,1.339651251,1.037149356,1.613343442,1.483699773,0.514285714,1.611428571,0.788571429,0.094418605,1.665493
0.75061325,2.6688471,1.5704698,1.05641864,0.22240392,0.9340938,1.76565847,2.40795482,1.5709169,2.35028653,0.24369748,0.66798179,1.298013,1.470199,0.350993,1.271523,0.437086,0.602649,0.741722,1.99715707,0.96659559,0.12082445,0.87420043,0.18479033,0.88841507,1.30063966,0.30408341,1.12076455,0.57341442,1.13814075,0.58210252,1.6159861,0.92093831,2.05039096,0.96456693,1.01377953,0.92519685,1.25,1.06299213,1.58464567,0.44291339,0.90551181,0.95472441,0.37482086,0.617352,0.385845,0.42994157,1.03626943,0.76066586,1.14651086,0.74964172,1.02524529,2.088703563,1.037149356,1.642153146,1.109173616,0.619408643,1.584533738,0.422857143,1.097142857,1.542857143,0.283255814,1.491197
0.4309076,1.84873262,2.05369128,1.89043336,0.84791496,1.44993664,0.97827023,1.10795467,1.83882521,2.78868195,0.17647059,0.69620637,1.205298,0.615894,1.403974,1.701987,0.410596,1.715232,0.788079,1.7981521,0.36247335,0.15636105,1.0021322,0.34115139,0.29140014,0.47619048,0.19113814,0.99044309,0.71242398,0.23457863,0.59947871,0.72980017,0.80799305,0.72980017,0.72834646,1.03346457,1.44685039,1.66338583,0.76771654,1.19094488,0.22637795,0.87598425,0.56102362,1.080366,0.231507,1.04729357,0.926028,0.98114872,0.63940029,0.74964172,0.51813472,0.72759343,0.662623199,1.498104625,1.368460955,1.627748294,1.901440485,0.302501895,0.16,0.48,0.628571429,0.728372093,2.304577
1.75143091,1.6263287,1.81208054,1.55682747,0.37530662,0.9619772,0.81124849,1.99431841,1.15687679,1.92406877,0.57983193,0.65857359,1.463576,0.880795,1.417219,0.15894,0.933775,1.960265,1,0.85998579,1.49964463,0.43354655,0.50461976,0.29140014,0.5899076,1.12295665,0.40834057,0.85143354,0.6429192,0.11294526,0.48653345,0.56472632,1.13814075,0.59947871,0.66929134,1.41732283,1.41732283,0.57086614,0.7480315,1.14173228,0.66929134,0.6003937,1.14173228,0.17638629,0.16536214,0.25355529,0.90397972,1.11343843,1.36699372,0.57325543,0.35277257,1.33392129,1.987869598,0.878695982,1.296436694,1.339651251,1.829416224,0.129643669,0.342857143,0.742857143,0.868571429,0.633953488,2.110915
1.45952576,3.12755519,2.31543625,1.1676206,1.75945017,2.66286441,0.99020036,1.09318194,2.32593123,1.20558739,0.06722689,1.51471927,1.317881,1.344371,1.463576,1.02649,0.768212,1.635762,0.251656,0.44776119,0.46908316,0.16346837,0.43354655,0.2771855,1.23667377,0.68230277,0.24326672,0.54735013,0.83405734,0.15638575,1.38140747,0.35621199,1.52910513,0.13900956,0.86614173,2.15551181,1.06299213,0.94488189,0.80708661,1.98818898,0.29527559,0.6496063,2.05708661,0.37482086,0.18741043,0.40789329,0.154338,0.463014,1.19060743,1.389042,0.39686914,0.50711057,1.022744503,1.584533738,1.195602729,1.555724033,0.662623199,0.504169826,0.205714286,0.674285714,0.662857143,0.391162791,2.294894
1.70973017,1.1954211,2.04362417,1.88316151,1.31958763,1.78453741,1.71793797,2.6000003,2.02148997,1.14469914,0.6366986,0.11289833,1.397351,1.516556,1.887417,0.781457,0.337748,1.463576,1.10596,0.77469794,1.0021322,0.24875622,0.40511727,0.11371713,0.36958067,1.08031272,0.09556907,0.20851434,0.55603823,0.48653345,0.27801911,1.48566464,1.57254561,0.37358818,0.27559055,1.73228346,1.1515748,1.45669291,1.79133858,1.50590551,0.11811024,1.38779528,0.73818898,0.36379671,0.154338,0.45198986,0.81578657,0.41891743,1.64259729,0.59530372,0.76066586,0.85988314,0.73464746,0.777862017,0.677028052,2.362395754,0.921910538,0.518574678,0.034285714,1.142857143,1.051428571,0.499069767,2.34331
1.15372036,1.26492232,1.26845638,3.40893471,2.24054983,2.95564008,0.93054973,1.46250017,0.98638968,2.24068768,0.36551216,1.06312594,0.900662,1.152318,0.980132,0.768212,0.311258,1.403974,1.410596,1.71286425,0.23454158,0.12793177,0.92395167,0.39090263,1.16560057,0.38379531,0.19113814,0.92962641,1.40747176,0.58210252,0.30408341,0.72980017,1.03388358,0.46915725,0.44291339,1.65354331,0.12795276,0.5019685,1.06299213,1.38779528,0.1476378,1.30905512,1.61417323,0.94807629,0.39686914,0.50711057,0.90397972,0.74964172,0.56223129,0.73861757,0.81578657,0.67247272,1.339651251,0.518574678,0.691432904,0.230477635,0.172858226,0.590598939,0.354285714,0.422857143,0.948571429,0.64744186,2.314261
1.6263287,3.01635323,1.46979866,3.25773196,1.11340206,1.21292777,2.7916492,2.49659119,0.43839542,1.92406877,0.10611643,0.30106221,0.887417,0.642384,1.562914,1.304636,0.245033,1.172185,1.145695,1.27221038,0.73916134,0.2061123,0.46908316,0.91684435,0.18479033,0.86709311,0.22589053,0.49522155,0.70373588,0.66898349,0.27801911,0.77324066,0.50390964,1.58123371,1.93897638,0.5511811,1.30905512,0.73818898,1.40748031,0.47244094,0.43307087,0.41338583,1.55511811,1.09139014,0.37482086,0.89295557,1.53235586,2.06151472,1.22367986,0.47403814,0.95910043,0.34174843,0.893100834,1.152388173,1.051554208,1.642153146,0.475360121,1.613343442,0.457142857,0.948571429,1.051428571,0.269767442,1.539613
0.48650859,2.02943581,0.65436242,2.1580756,1.58075601,2.34220535,3.04218182,1.83181839,1.27865329,2.63037249,0.86072218,0.08467375,1.119205,0.933775,1.264901,1.311258,0.410596,0.933775,1.172185,0.88130775,0.44065387,0.8315565,1.0021322,0.7604833,0.66808813,0.76759062,0.45178106,0.37358818,1.03388358,0.12163336,0.59079062,0.59947871,2.04170287,0.38227628,0.45275591,0.80708661,0.85629921,0.91535433,0.76771654,0.37401575,0.12795276,2.07677165,0.42322835,1.51030757,0.87090729,0.36379671,1.36699372,0.81578657,1.697718,1.43313857,0.50711057,0.56223129,0.561789234,0.893100834,1.109173616,1.253222138,1.152388173,0.648218347,0.045714286,1.325714286,1.142857143,2.819069767,1.636444
1.59450172,1.615894,1.08724833,2.92783505,1.49828179,1.75665401,1.76565847,1.1227274,0.66977077,3.16618911,0.34193073,0.26342944,1.536424,1.006623,1.602649,1.715232,0.192053,0.953642,0.536424,0.97370291,0.3127221,0.22032694,0.68230277,0.60412225,1.03056148,0.88841507,0.3127715,1.55516942,1.64205039,0.50390964,0.38227628,2.11120765,0.55603823,0.61685491,0.22637795,1.03346457,0.91535433,1.3484252,1.26968504,0.5019685,0.72834646,0.85629921,1.03346457,0.97012457,0.60632786,0.56223129,0.50711057,1.53235586,0.67247272,1.01422114,0.26457943,0.93705214,1.310841547,0.417740713,0.432145565,1.166793025,1.109173616,1.181197877,0.377142857,0.777142857,1.337142857,0.633953488,0.958627
1.14089347,1.536424,0.8557047,2.08934708,1.14089347,1.64512042,1.51512585,0.98977284,1.80229226,1.72922636,0.51879145,0.95022761,1.192053,1.350993,0.556291,0.761589,0.562914,1,0.503311,0.98791756,0.95948827,0.46197584,0.88130775,0.30561478,0.2771855,1.14427861,0.19113814,0.68635969,1.80712424,0.79061685,0.10425717,0.23457863,0.72111208,1.45960035,0.6496063,0.96456693,1.76181102,1.70275591,1.31889764,1.9488189,0.12795276,1.07283465,1.31889764,0.41891743,0.56223129,0.617352,0.540183,1.64259729,1.19060743,0.76066586,1.33392129,1.05831772,0.619408643,1.282031842,0.965125095,0.677028052,1.39727066,1.022744503,0.194285714,1.131428571,0.902857143,0.269767442,1.888204
0.98969072,2.364238,0.97651007,1.40206186,0.48109966,1.01774399,0.58457611,1.46250017,1.18123209,1.77793696,0.12969786,0.44218513,1.298013,1.735099,1.443709,1.278146,1.18543,1.331126,0.708609,0.44065387,1.43567875,0.34825871,0.99502488,0.33404407,0.64676617,1.44278607,1.24239791,1.19895743,1.14682884,0.35621199,1.20764553,1.16420504,0.51259774,0.89487402,1.09251969,0.65944882,0.15748031,1.25984252,,0.28543307,0.22637795,2.4015748,0.76771654,0.56223129,1.311873,0.077169,0.97012457,0.58427957,0.73861757,1.26777643,0.65042443,0.34174843,0.691432904,,0.648218347,1.454890068,0.605003791,1.325246399,0.194285714,,0.982857143,0.701395349,1.820423
0.76975945,1.198675,1.30872484,2.81786942,,,1.3481041,1.84659112,1.15687679,1.79011461,0.84893147,0.74324734,1.523179,0.966887,1.18543,0.596026,0.701987,1.05298,1.112583,1.49964463,1.42857143,0.31982942,0.81023454,0.41222459,0.29140014,1.15849325,0.29539531,1.23370982,1.03388358,0.46915725,0.3301477,1.53779322,0.9556907,0.3127715,0.56102362,1.07283465,1.68307087,0.5019685,,,0.18700787,,,1.09139014,0.16536214,,0.39686914,0.65042443,1.58747657,0.34174843,0.56223129,0.231507,1.815011372,,1.440485216,,0.518574678,0.432145565,0.308571429,0.811428571,1.085714286,0.391162791,1.684859
0.81099656,1.264901,1.827815,1.29209622,,,3.20920357,2.3488639,1.33954155,1.74140401,0.20044215,0.36691957,1.370861,1.516556,0.622517,1.019868,0.218543,0.470199,0.735099,0.84577114,1.14427861,0.44065387,1.00923952,0.54015636,0.32693674,1.24378109,0.68635969,1.44222415,0.99913119,1.00781929,1.32927889,1.37271937,1.09470026,1.71155517,0.51181102,1.01377953,,1.21062992,,,,,,0.78271414,1.05831772,,0.73861757,1.86308015,1.27880057,0.83783486,,0.540183,,,,,1.728582259,,0.171428571,1.188571429,1.977142857,0.094418605,1.336268
0.9209622,1.291391,1.562914,2.17182131,,,1.38389447,1.34431833,,1.41260745,0.60132646,0.27283763,0.907285,1.596026,0.986755,0.278146,0.490066,1.476821,0.311258,0.8315565,0.83866382,0.2416489,0.7960199,0.38379531,0.7604833,0.76759062,0.13032146,1.03388358,0.86012163,0.3214596,1.72024327,0.39965248,0.38227628,0.18245004,2.37204724,1.28937008,,1.26968504,,,,,,0.463014,,,0.231507,0.47403814,1.11343843,1.56542829,,1.90717672,,,,,,,0.16,0.102857143,1.2,0.229302326,1.026408
1.38831615,1.609272,1.13245,,,,2.35023458,1.53636381,,,0.62490789,0.06585736,1.94702,1.516556,0.827815,1.119205,0.516556,1.430464,0.549669,1.45700071,0.36247335,0.24875622,,0.19900498,0.37668799,0.87420043,0.19113814,0.07819288,0.50390964,1.15551694,0.93831451,1.38140747,0.70373588,1.05994787,0.62992126,1.06299213,,0.48228346,,,,,,0.18741043,,,0.50711057,0.18741043,1.22367986,0.926028,,0.71656929,,,,,,,0.342857143,1.234285714,,0.148372093,1.588028
0.38487973,1.662252,1.291391,,,,1.65828734,1.65454564,,,0.50700074,1.20424886,1.152318,1.07947,0.311258,0.774834,0.145695,1.278146,0.854305,1.93319119,0.96659559,0.11371713,,0.50461976,0.61122957,1.60625444,0.20851434,1.40747176,0.67767159,1.55516942,0.22589053,1.22502172,0.66898349,0.74717637,0.33464567,1.65354331,,1.02362205,,,,,,0.58427957,,,1.45518686,0.37482086,0.78271414,0.89295557,,0.52915886,,,,,,,0.205714286,,,0.364186047,2.120599
0.97651007,1.05298,1.112583,,,,,2.54090938,,,0.76639646,0.12230652,1.05298,1,1.172185,0.549669,0.609272,1.05298,1.238411,1.54939588,1.33617626,0.51172708,,0.41222459,0.22032694,,0.40834057,0.16507385,1.24239791,0.6602954,0.42571677,0.67767159,,,0.31496063,1.26968504,,1.13188976,,,,,,0.58427957,,,1.71976629,1.24572814,1.66464557,0.40789329,,1.27880057,,,,,,,0.354285714,0.434285714,,0.782325581,2.556338
0.86577181,0.900662,1.887417,,,,,1.81704566,,,0.6366986,0.39514416,,1.033113,1.423841,1.218543,0.602649,1.152318,0.317881,1.74129353,0.88841507,0.36247335,,0.36247335,0.14925373,,0.41702867,0.57341442,1.06863597,0.67767159,1.2858384,1.98088619,,,0.54133858,1.48622047,,0.77755906,,,,,,0.73861757,,,0.694521,,0.47403814,0.79373829,,0.31970014,,,,,,,0.217142857,,,0.337209302,1.433099
0.96644296,1.172185,1.701987,,,,,,,,0.8725129,0.35751138,,1.152318,0.099338,1.211921,0.357616,0.940397,0.225166,1.01634684,0.34825871,0.12793177,,0.25586354,0.62544421,,0.35621199,0.92962641,,0.15638575,1.13814075,1.2945265,,,2.28346457,0.91535433,,1.25,,,,,,0.27560357,,,0.926028,,1.59850072,0.51813472,,0.42994157,,,,,,,0.365714286,,,,1.965669
1.77181209,1.099338,2.05298,,,,,,,,0.30655859,0.57389985,,0.192053,1.251656,1.490066,1.178808,1.264901,0.84106,1.05188344,1.21535181,0.60412225,,0.21321962,0.71783937,,0.22589053,0.03475239,,1.06863597,0.39096438,1.19026933,,,1.70275591,1.25984252,,0.45275591,,,,,,0.154338,,,0.617352,,0.98114872,1.16855914,,0.47403814,,,,,,,,,,,1.24912
1.01677853,1.370861,1.509934,,,,,,,,0.77818718,0.63034901,,1.509934,,,0.476821,1.562914,0.523179,0.80312722,1.99715707,0.18479033,,0.2061123,0.7604833,,0.06950478,0.58210252,,,0.67767159,1.97219809,,,1.00393701,,,,,,,,,,,,1.02524529,,1.20163157,0.57325543,,1.27880057,,,,,,,,,,,2.0625
0.52348993,1.298013,0.940397,,,,,,,,0.7192336,1.03490136,,0.900662,,,0.284768,1.152318,0.317881,1.74840085,1.66311301,0.34115139,,0.16346837,,,0.36490009,1.70286707,,,0.33883579,1.44222415,,,,,,,,,,,,,,,0.617352,,0.87090729,,,0.37482086,,,,,,,,,,,1.965669
1.07718121,0.94702,1.152318,,,,,,,,0.30655859,1.36418816,,1.019868,,,0.15894,0.609272,0.556291,0.88130775,1.42857143,0.19189765,,0.29140014,,,0.46915725,0.66898349,,,1.07732407,0.72111208,,,,,,,,,,,,,,,0.463014,,0.93705214,,,1.48825929,,,,,,,,,,,1.52993
0.53355705,1.344371,1.450331,,,,,,,,0.43625645,0.03763278,,0.887417,,,0.933775,1.264901,,0.68230277,1.18692253,,,0.37668799,,,0.75586447,0.85143354,,,0.58210252,0.49522155,,,,,,,,,,,,,,,0.63940029,,,,,0.50711057,,,,,,,,,,,
0.91610739,0.940397,1.152318,,,,,,,,0.68386146,0.4892261,,1.072848,,,0.192053,1.092715,,1.05188344,,,,0.38379531,,,0.18245004,0.74717637,,,1.31190269,0.61685491,,,,,,,,,,,,,,,,,,,,0.19843457,,,,,,,,,,,
0.65436242,2.059603,0.966887,,,,,,,,0.7192336,,,0.741722,,,,1.231788,,2.08244492,,,,0.09950249,,,0.20851434,1.03388358,,,0.77324066,,,,,,,,,,,,,,,,,,,,,,,,,,,,,,,,
0.66442953,0.788079,1.264901,,,,,,,,0.42446573,,,1.152318,,,,,,1.86211798,,,,0.25586354,,,0.41702867,0.40834057,,,0.36490009,,,,,,,,,,,,,,,,,,,,,,,,,,,,,,,,
0.84563759,1.245033,1.033113,,,,,,,,,,,,,,,,,2.01137171,,,,0.32693674,,,,0.35621199,,,0.88618593,,,,,,,,,,,,,,,,,,,,,,,,,,,,,,,,
1.25838927,2.039735,1.311258,,,,,,,,,,,,,,,,,,,,,0.46908316,,,,,,,0.77324066,,,,,,,,,,,,,,,,,,,,,,,,,,,,,,,,
1.79194631,1.331126,1.642384,,,,,,,,,,,,,,,,,,,,,0.34115139,,,,,,,1.03388358,,,,,,,,,,,,,,,,,,,,,,,,,,,,,,,,
1.1375839,1.695364,1.205298,,,,,,,,,,,,,,,,,,,,,0.36247335,,,,,,,1.5986099,,,,,,,,,,,,,,,,,,,,,,,,,,,,,,,,
1.19659105,1.211921,1.675497,,,,,,,,,,,,,,,,,,,,,0.17057569,,,,,,,0.72980017,,,,,,,,,,,,,,,,,,,,,,,,,,,,,,,,
0.76818191,1.827815,1.417219,,,,,,,,,,,,,,,,,,,,,,,,,,,,,,,,,,,,,,,,,,,,,,,,,,,,,,,,,,,,
0.5613637,1.940397,1.205298,,,,,,,,,,,,,,,,,,,,,,,,,,,,,,,,,,,,,,,,,,,,,,,,,,,,,,,,,,,,
0.35454549,1.576159,0.874172,,,,,,,,,,,,,,,,,,,,,,,,,,,,,,,,,,,,,,,,,,,,,,,,,,,,,,,,,,,,
1.09318194,1.496689,2.119205,,,,,,,,,,,,,,,,,,,,,,,,,,,,,,,,,,,,,,,,,,,,,,,,,,,,,,,,,,,,
0.96022738,1.298013,0.953642,,,,,,,,,,,,,,,,,,,,,,,,,,,,,,,,,,,,,,,,,,,,,,,,,,,,,,,,,,,,
1.86136385,1.74840085,1.97351,,,,,,,,,,,,,,,,,,,,,,,,,,,,,,,,,,,,,,,,,,,,,,,,,,,,,,,,,,,,
0.57613643,2.21037669,1.019868,,,,,,,,,,,,,,,,,,,,,,,,,,,,,,,,,,,,,,,,,,,,,,,,,,,,,,,,,,,,
0.51704551,1.71997157,1.927152,,,,,,,,,,,,,,,,,,,,,,,,,,,,,,,,,,,,,,,,,,,,,,,,,,,,,,,,,,,,
0.62045462,1.6275764,1.377483,,,,,,,,,,,,,,,,,,,,,,,,,,,,,,,,,,,,,,,,,,,,,,,,,,,,,,,,,,,,
1.81704566,1.47121535,1.74129353,,,,,,,,,,,,,,,,,,,,,,,,,,,,,,,,,,,,,,,,,,,,,,,,,,,,,,,,,,,,
1.15227286,1.8336887,1.05188344,,,,,,,,,,,,,,,,,,,,,,,,,,,,,,,,,,,,,,,,,,,,,,,,,,,,,,,,,,,,
2.49659119,1.69864961,2.3169865,,,,,,,,,,,,,,,,,,,,,,,,,,,,,,,,,,,,,,,,,,,,,,,,,,,,,,,,,,,,
0.48750006,1.16560057,1.20113717,,,,,,,,,,,,,,,,,,,,,,,,,,,,,,,,,,,,,,,,,,,,,,,,,,,,,,,,,,,,
0.14772729,1.22245913,1.64179104,,,,,,,,,,,,,,,,,,,,,,,,,,,,,,,,,,,,,,,,,,,,,,,,,,,,,,,,,,,,
0.41363641,1.29353234,1.3503909,,,,,,,,,,,,,,,,,,,,,,,,,,,,,,,,,,,,,,,,,,,,,,,,,,,,,,,,,,,,
2.18636388,1.74129353,1.28642502,,,,,,,,,,,,,,,,,,,,,,,,,,,,,,,,,,,,,,,,,,,,,,,,,,,,,,,,,,,,
0.85681828,0.97370291,1.85501066,,,,,,,,,,,,,,,,,,,,,,,,,,,,,,,,,,,,,,,,,,,,,,,,,,,,,,,,,,,,
2.15681843,1.47121535,1.92608387,,,,,,,,,,,,,,,,,,,,,,,,,,,,,,,,,,,,,,,,,,,,,,,,,,,,,,,,,,,,
1.30000015,2.04690832,1.68443497,,,,,,,,,,,,,,,,,,,,,,,,,,,,,,,,,,,,,,,,,,,,,,,,,,,,,,,,,,,,
0.42840914,1.108742,1.48542999,,,,,,,,,,,,,,,,,,,,,,,,,,,,,,,,,,,,,,,,,,,,,,,,,,,,,,,,,,,,
1.6840911,0.78891258,1.82658138,,,,,,,,,,,,,,,,,,,,,,,,,,,,,,,,,,,,,,,,,,,,,,,,,,,,,,,,,,,,
0.97500011,1.71286425,2.32409382,,,,,,,,,,,,,,,,,,,,,,,,,,,,,,,,,,,,,,,,,,,,,,,,,,,,,,,,,,,,
0.53181824,0.90262971,1.71286425,,,,,,,,,,,,,,,,,,,,,,,,,,,,,,,,,,,,,,,,,,,,,,,,,,,,,,,,,,,,
0.35454549,1.41435679,1.25088842,,,,,,,,,,,,,,,,,,,,,,,,,,,,,,,,,,,,,,,,,,,,,,,,,,,,,,,,,,,,
0.50227278,1.37171286,1.33617626,,,,,,,,,,,,,,,,,,,,,,,,,,,,,,,,,,,,,,,,,,,,,,,,,,,,,,,,,,,,
0.76352799,1.26510306,1.29353234,,,,,,,,,,,,,,,,,,,,,,,,,,,,,,,,,,,,,,,,,,,,,,,,,,,,,,,,,,,,
0.53685562,1.09452736,1.42857143,,,,,,,,,,,,,,,,,,,,,,,,,,,,,,,,,,,,,,,,,,,,,,,,,,,,,,,,,,,,
1.70600784,1.29353234,1.78393746,,,,,,,,,,,,,,,,,,,,,,,,,,,,,,,,,,,,,,,,,,,,,,,,,,,,,,,,,,,,
1.00213048,1.51385928,1.19402985,,,,,,,,,,,,,,,,,,,,,,,,,,,,,,,,,,,,,,,,,,,,,,,,,,,,,,,,,,,,
0.36983387,1.44278607,0.87420043,,,,,,,,,,,,,,,,,,,,,,,,,,,,,,,,,,,,,,,,,,,,,,,,,,,,,,,,,,,,
1.22880285,1.35749822,1.7981521,,,,,,,,,,,,,,,,,,,,,,,,,,,,,,,,,,,,,,,,,,,,,,,,,,,,,,,,,,,,
0.87089911,1.25088842,1.38592751,,,,,,,,,,,,,,,,,,,,,,,,,,,,,,,,,,,,,,,,,,,,,,,,,,,,,,,,,,,,
0.99020036,1.15138593,1.8692253,,,,,,,,,,,,,,,,,,,,,,,,,,,,,,,,,,,,,,,,,,,,,,,,,,,,,,,,,,,,
1.83723922,0.90262971,1.42857143,,,,,,,,,,,,,,,,,,,,,,,,,,,,,,,,,,,,,,,,,,,,,,,,,,,,,,,,,,,,
2.39795508,1.12295665,1.15849325,,,,,,,,,,,,,,,,,,,,,,,,,,,,,,,,,,,,,,,,,,,,,,,,,,,,,,,,,,,,
0.17895187,1.70286707,0.87420043,,,,,,,,,,,,,,,,,,,,,,,,,,,,,,,,,,,,,,,,,,,,,,,,,,,,,,,,,,,,
0.40562424,1.35534318,1.42857143,,,,,,,,,,,,,,,,,,,,,,,,,,,,,,,,,,,,,,,,,,,,,,,,,,,,,,,,,,,,
0.47720499,1.24239791,0.89552239,,,,,,,,,,,,,,,,,,,,,,,,,,,,,,,,,,,,,,,,,,,,,,,,,,,,,,,,,,,,
0.60843636,2.54561251,0.97370291,,,,,,,,,,,,,,,,,,,,,,,,,,,,,,,,,,,,,,,,,,,,,,,,,,,,,,,,,,,,
1.02599073,1.46828844,1.63468372,,,,,,,,,,,,,,,,,,,,,,,,,,,,,,,,,,,,,,,,,,,,,,,,,,,,,,,,,,,,
0.53685562,0.89487402,0.95948827,,,,,,,,,,,,,,,,,,,,,,,,,,,,,,,,,,,,,,,,,,,,,,,,,,,,,,,,,,,,
0.44141462,1.26846221,1.14427861,,,,,,,,,,,,,,,,,,,,,,,,,,,,,,,,,,,,,,,,,,,,,,,,,,,,,,,,,,,,
0.70387736,1.85925282,1.81581234,,,,,,,,,,,,,,,,,,,,,,,,,,,,,,,,,,,,,,,,,,,,,,,,,,,,,,,,,,,,
1.22880285,1.02519548,1.68549088,,,,,,,,,,,,,,,,,,,,,,,,,,,,,,,,,,,,,,,,,,,,,,,,,,,,,,,,,,,,
1.76565847,2.37185056,1.02519548,,,,,,,,,,,,,,,,,,,,,,,,,,,,,,,,,,,,,,,,,,,,,,,,,,,,,,,,,,,,
0.60843636,1.54648132,1.14682884,,,,,,,,,,,,,,,,,,,,,,,,,,,,,,,,,,,,,,,,,,,,,,,,,,,,,,,,,,,,
0.10737112,1.12945265,1.26846221,,,,,,,,,,,,,,,,,,,,,,,,,,,,,,,,,,,,,,,,,,,,,,,,,,,,,,,,,,,,
1.46740535,1.48566464,0.71242398,,,,,,,,,,,,,,,,,,,,,,,,,,,,,,,,,,,,,,,,,,,,,,,,,,,,,,,,,,,,
2.17128271,2.11989574,0.35621199,,,,,,,,,,,,,,,,,,,,,,,,,,,,,,,,,,,,,,,,,,,,,,,,,,,,,,,,,,,,
0.79931836,1.2945265,1.38140747,,,,,,,,,,,,,,,,,,,,,,,,,,,,,,,,,,,,,,,,,,,,,,,,,,,,,,,,,,,,
1.47933547,1.37271937,0.75586447,,,,,,,,,,,,,,,,,,,,,,,,,,,,,,,,,,,,,,,,,,,,,,,,,,,,,,,,,,,,
0.94247986,1.42484796,1.9461338,,,,,,,,,,,,,,,,,,,,,,,,,,,,,,,,,,,,,,,,,,,,,,,,,,,,,,,,,,,,
1.3481041,1.83318853,0.41702867,,,,,,,,,,,,,,,,,,,,,,,,,,,,,,,,,,,,,,,,,,,,,,,,,,,,,,,,,,,,
2.14326647,2.24152911,1.03388358,,,,,,,,,,,,,,,,,,,,,,,,,,,,,,,,,,,,,,,,,,,,,,,,,,,,,,,,,,,,
1.01074499,1.05125977,1.05125977,,,,,,,,,,,,,,,,,,,,,,,,,,,,,,,,,,,,,,,,,,,,,,,,,,,,,,,,,,,,
1.3030086,1.19026933,2.39791486,,,,,,,,,,,,,,,,,,,,,,,,,,,,,,,,,,,,,,,,,,,,,,,,,,,,,,,,,,,,
1.22994269,1.10338836,1.76368375,,,,,,,,,,,,,,,,,,,,,,,,,,,,,,,,,,,,,,,,,,,,,,,,,,,,,,,,,,,,
0.86461318,1.31190269,1.26846221,,,,,,,,,,,,,,,,,,,,,,,,,,,,,,,,,,,,,,,,,,,,,,,,,,,,,,,,,,,,
1.25429799,1.11207646,1.54648132,,,,,,,,,,,,,,,,,,,,,,,,,,,,,,,,,,,,,,,,,,,,,,,,,,,,,,,,,,,,
0.90114613,1.22502172,1.46828844,,,,,,,,,,,,,,,,,,,,,,,,,,,,,,,,,,,,,,,,,,,,,,,,,,,,,,,,,,,,
0.52363897,1.45960035,0.72111208,,,,,,,,,,,,,,,,,,,,,,,,,,,,,,,,,,,,,,,,,,,,,,,,,,,,,,,,,,,,
1.01074499,1.20764553,1.05994787,,,,,,,,,,,,,,,,,,,,,,,,,,,,,,,,,,,,,,,,,,,,,,,,,,,,,,,,,,,,
0.81590258,1.63336229,1.58992181,,,,,,,,,,,,,,,,,,,,,,,,,,,,,,,,,,,,,,,,,,,,,,,,,,,,,,,,,,,,
0.49928367,1.2771503,1.9200695,,,,,,,,,,,,,,,,,,,,,,,,,,,,,,,,,,,,,,,,,,,,,,,,,,,,,,,,,,,,
0.62106017,1.18158123,2.02432667,,,,,,,,,,,,,,,,,,,,,,,,,,,,,,,,,,,,,,,,,,,,,,,,,,,,,,,,,,,,
0.93767908,1.28937008,1.86794092,,,,,,,,,,,,,,,,,,,,,,,,,,,,,,,,,,,,,,,,,,,,,,,,,,,,,,,,,,,,
0.91332378,1.70275591,1.24239791,,,,,,,,,,,,,,,,,,,,,,,,,,,,,,,,,,,,,,,,,,,,,,,,,,,,,,,,,,,,
1.31518625,0.89566929,1.83318853,,,,,,,,,,,,,,,,,,,,,,,,,,,,,,,,,,,,,,,,,,,,,,,,,,,,,,,,,,,,
1.01074499,1.30905512,2.38922676,,,,,,,,,,,,,,,,,,,,,,,,,,,,,,,,,,,,,,,,,,,,,,,,,,,,,,,,,,,,
0.64541547,2.27362205,1.06863597,,,,,,,,,,,,,,,,,,,,,,,,,,,,,,,,,,,,,,,,,,,,,,,,,,,,,,,,,,,,
1.1092437,1.44685039,1.26846221,,,,,,,,,,,,,,,,,,,,,,,,,,,,,,,,,,,,,,,,,,,,,,,,,,,,,,,,,,,,
1.45378151,1.38779528,1.32927889,,,,,,,,,,,,,,,,,,,,,,,,,,,,,,,,,,,,,,,,,,,,,,,,,,,,,,,,,,,,
0.95798319,1.12204724,1.54648132,,,,,,,,,,,,,,,,,,,,,,,,,,,,,,,,,,,,,,,,,,,,,,,,,,,,,,,,,,,,
0.78991597,2.19488189,1.31190269,,,,,,,,,,,,,,,,,,,,,,,,,,,,,,,,,,,,,,,,,,,,,,,,,,,,,,,,,,,,
0.74789916,1.52559055,1.43353606,,,,,,,,,,,,,,,,,,,,,,,,,,,,,,,,,,,,,,,,,,,,,,,,,,,,,,,,,,,,
0.47058824,1.31889764,1.5986099,,,,,,,,,,,,,,,,,,,,,,,,,,,,,,,,,,,,,,,,,,,,,,,,,,,,,,,,,,,,
0.96638655,1.36811024,2.56889764,,,,,,,,,,,,,,,,,,,,,,,,,,,,,,,,,,,,,,,,,,,,,,,,,,,,,,,,,,,,
1.50420168,1.43700787,2.07677165,,,,,,,,,,,,,,,,,,,,,,,,,,,,,,,,,,,,,,,,,,,,,,,,,,,,,,,,,,,,
1.31932773,2.07677165,1.63385827,,,,,,,,,,,,,,,,,,,,,,,,,,,,,,,,,,,,,,,,,,,,,,,,,,,,,,,,,,,,
0.83193277,1.84055118,1.8996063,,,,,,,,,,,,,,,,,,,,,,,,,,,,,,,,,,,,,,,,,,,,,,,,,,,,,,,,,,,,
1.22689076,1.46653543,1.30905512,,,,,,,,,,,,,,,,,,,,,,,,,,,,,,,,,,,,,,,,,,,,,,,,,,,,,,,,,,,,
0.62184874,1.2007874,0.99409449,,,,,,,,,,,,,,,,,,,,,,,,,,,,,,,,,,,,,,,,,,,,,,,,,,,,,,,,,,,,
1.28518791,1.41732283,0.58070866,,,,,,,,,,,,,,,,,,,,,,,,,,,,,,,,,,,,,,,,,,,,,,,,,,,,,,,,,,,,
0.66028003,0.96456693,1.07283465,,,,,,,,,,,,,,,,,,,,,,,,,,,,,,,,,,,,,,,,,,,,,,,,,,,,,,,,,,,,
0.99042004,1.64370079,1.7519685,,,,,,,,,,,,,,,,,,,,,,,,,,,,,,,,,,,,,,,,,,,,,,,,,,,,,,,,,,,,
1.16728077,0.81692913,2.27362205,,,,,,,,,,,,,,,,,,,,,,,,,,,,,,,,,,,,,,,,,,,,,,,,,,,,,,,,,,,,
0.83714075,1.01377953,1.38779528,,,,,,,,,,,,,,,,,,,,,,,,,,,,,,,,,,,,,,,,,,,,,,,,,,,,,,,,,,,,
1.12011791,1.26968504,1.19094488,,,,,,,,,,,,,,,,,,,,,,,,,,,,,,,,,,,,,,,,,,,,,,,,,,,,,,,,,,,,
1.70965365,1.04330709,1.64370079,,,,,,,,,,,,,,,,,,,,,,,,,,,,,,,,,,,,,,,,,,,,,,,,,,,,,,,,,,,,
0.38909359,1.58747657,1.16141732,,,,,,,,,,,,,,,,,,,,,,,,,,,,,,,,,,,,,,,,,,,,,,,,,,,,,,,,,,,,
0.21223287,1.080366,1.14173228,,,,,,,,,,,,,,,,,,,,,,,,,,,,,,,,,,,,,,,,,,,,,,,,,,,,,,,,,,,,
1.1908622,1.30084886,1.63385827,,,,,,,,,,,,,,,,,,,,,,,,,,,,,,,,,,,,,,,,,,,,,,,,,,,,,,,,,,,,
0.83714075,1.56542829,1.40748031,,,,,,,,,,,,,,,,,,,,,,,,,,,,,,,,,,,,,,,,,,,,,,,,,,,,,,,,,,,,
0.24760501,1.88512843,1.14173228,,,,,,,,,,,,,,,,,,,,,,,,,,,,,,,,,,,,,,,,,,,,,,,,,,,,,,,,,,,,
1.95725866,1.79693529,1.00393701,,,,,,,,,,,,,,,,,,,,,,,,,,,,,,,,,,,,,,,,,,,,,,,,,,,,,,,,,,,,
0.78997789,1.234704,1.16141732,,,,,,,,,,,,,,,,,,,,,,,,,,,,,,,,,,,,,,,,,,,,,,,,,,,,,,,,,,,,
1.28518791,1.26777643,1.61417323,,,,,,,,,,,,,,,,,,,,,,,,,,,,,,,,,,,,,,,,,,,,,,,,,,,,,,,,,,,,
1.32056006,0.80476243,1.16141732,,,,,,,,,,,,,,,,,,,,,,,,,,,,,,,,,,,,,,,,,,,,,,,,,,,,,,,,,,,,
2.04157814,1.63157315,2.12598425,,,,,,,,,,,,,,,,,,,,,,,,,,,,,,,,,,,,,,,,,,,,,,,,,,,,,,,,,,,,
0.12230652,0.99217286,1.1023622,,,,,,,,,,,,,,,,,,,,,,,,,,,,,,,,,,,,,,,,,,,,,,,,,,,,,,,,,,,,
0.28224583,1.02524529,1.22047244,,,,,,,,,,,,,,,,,,,,,,,,,,,,,,,,,,,,,,,,,,,,,,,,,,,,,,,,,,,,
1.56176024,0.73861757,2.17519685,,,,,,,,,,,,,,,,,,,,,,,,,,,,,,,,,,,,,,,,,,,,,,,,,,,,,,,,,,,,
0.09408194,1.33392129,1.41732283,,,,,,,,,,,,,,,,,,,,,,,,,,,,,,,,,,,,,,,,,,,,,,,,,,,,,,,,,,,,
0.22579666,1.05831772,0.51181102,,,,,,,,,,,,,,,,,,,,,,,,,,,,,,,,,,,,,,,,,,,,,,,,,,,,,,,,,,,,
0.88437025,1.56542829,1.55511811,,,,,,,,,,,,,,,,,,,,,,,,,,,,,,,,,,,,,,,,,,,,,,,,,,,,,,,,,,,,
1.56176024,0.85988314,1.50590551,,,,,,,,,,,,,,,,,,,,,,,,,,,,,,,,,,,,,,,,,,,,,,,,,,,,,,,,,,,,
1.42063732,1.33392129,0.926028,,,,,,,,,,,,,,,,,,,,,,,,,,,,,,,,,,,,,,,,,,,,,,,,,,,,,,,,,,,,
0.45159332,1.16855914,1.620549,,,,,,,,,,,,,,,,,,,,,,,,,,,,,,,,,,,,,,,,,,,,,,,,,,,,,,,,,,,,
1.44886191,1.25675229,0.617352,,,,,,,,,,,,,,,,,,,,,,,,,,,,,,,,,,,,,,,,,,,,,,,,,,,,,,,,,,,,
1.60880121,0.79373829,1.27880057,,,,,,,,,,,,,,,,,,,,,,,,,,,,,,,,,,,,,,,,,,,,,,,,,,,,,,,,,,,,
0.63034901,1.79693529,1.95127329,,,,,,,,,,,,,,,,,,,,,,,,,,,,,,,,,,,,,,,,,,,,,,,,,,,,,,,,,,,,
1.23247344,1.27880057,0.58427957,,,,,,,,,,,,,,,,,,,,,,,,,,,,,,,,,,,,,,,,,,,,,,,,,,,,,,,,,,,,
0.87496206,1.389042,2.28199757,,,,,,,,,,,,,,,,,,,,,,,,,,,,,,,,,,,,,,,,,,,,,,,,,,,,,,,,,,,,
0.98786039,1.16855914,1.697718,,,,,,,,,,,,,,,,,,,,,,,,,,,,,,,,,,,,,,,,,,,,,,,,,,,,,,,,,,,,
0.09408194,0.74964172,0.95910043,,,,,,,,,,,,,,,,,,,,,,,,,,,,,,,,,,,,,,,,,,,,,,,,,,,,,,,,,,,,
1.70288315,1.80795943,1.14651086,,,,,,,,,,,,,,,,,,,,,,,,,,,,,,,,,,,,,,,,,,,,,,,,,,,,,,,,,,,,
2.49317146,0.89295557,1.28982472,,,,,,,,,,,,,,,,,,,,,,,,,,,,,,,,,,,,,,,,,,,,,,,,,,,,,,,,,,,,
1.49590288,2.043133803,1.41109029,,,,,,,,,,,,,,,,,,,,,,,,,,,,,,,,,,,,,,,,,,,,,,,,,,,,,,,,,,,,
1.90986342,1.345950704,1.55440415,,,,,,,,,,,,,,,,,,,,,,,,,,,,,,,,,,,,,,,,,,,,,,,,,,,,,,,,,,,,
0.969044,1.520246479,1.75283872,,,,,,,,,,,,,,,,,,,,,,,,,,,,,,,,,,,,,,,,,,,,,,,,,,,,,,,,,,,,
0.8185129,1.481514085,0.81578657,,,,,,,,,,,,,,,,,,,,,,,,,,,,,,,,,,,,,,,,,,,,,,,,,,,,,,,,,,,,
0.72443095,1.423415493,1.73079043,,,,,,,,,,,,,,,,,,,,,,,,,,,,,,,,,,,,,,,,,,,,,,,,,,,,,,,,,,,,
0.79969651,1.655809859,1.53235586,,,,,,,,,,,,,,,,,,,,,,,,,,,,,,,,,,,,,,,,,,,,,,,,,,,,,,,,,,,,
1.02549317,1.51056338,1.35596957,,,,,,,,,,,,,,,,,,,,,,,,,,,,,,,,,,,,,,,,,,,,,,,,,,,,,,,,,,,,
1.21365705,1.326584507,1.311873,,,,,,,,,,,,,,,,,,,,,,,,,,,,,,,,,,,,,,,,,,,,,,,,,,,,,,,,,,,,
1.22306525,1.413732394,1.24572814,,,,,,,,,,,,,,,,,,,,,,,,,,,,,,,,,,,,,,,,,,,,,,,,,,,,,,,,,,,,
0.55508346,1.278169014,1.16855914,,,,,,,,,,,,,,,,,,,,,,,,,,,,,,,,,,,,,,,,,,,,,,,,,,,,,,,,,,,,
0.10349014,1.287852113,0.57325543,,,,,,,,,,,,,,,,,,,,,,,,,,,,,,,,,,,,,,,,,,,,,,,,,,,,,,,,,,,,
0.44218513,1.539612676,0.926028,,,,,,,,,,,,,,,,,,,,,,,,,,,,,,,,,,,,,,,,,,,,,,,,,,,,,,,,,,,,
0.59949304,1.946302817,1.389042,,,,,,,,,,,,,,,,,,,,,,,,,,,,,,,,,,,,,,,,,,,,,,,,,,,,,,,,,,,,
0.48795945,1.200704225,2.60169772,,,,,,,,,,,,,,,,,,,,,,,,,,,,,,,,,,,,,,,,,,,,,,,,,,,,,,,,,,,,
1.18504437,1.026408451,0.52915886,,,,,,,,,,,,,,,,,,,,,,,,,,,,,,,,,,,,,,,,,,,,,,,,,,,,,,,,,,,,
1.46387834,1.762323944,1.41109029,,,,,,,,,,,,,,,,,,,,,,,,,,,,,,,,,,,,,,,,,,,,,,,,,,,,,,,,,,,,
0.34854246,1.539612676,1.697718,,,,,,,,,,,,,,,,,,,,,,,,,,,,,,,,,,,,,,,,,,,,,,,,,,,,,,,,,,,,
0.73891002,1.781690141,1.24572814,,,,,,,,,,,,,,,,,,,,,,,,,,,,,,,,,,,,,,,,,,,,,,,,,,,,,,,,,,,,
2.99746518,1.055457746,1.16855914,,,,,,,,,,,,,,,,,,,,,,,,,,,,,,,,,,,,,,,,,,,,,,,,,,,,,,,,,,,,
0.12547529,2.101232394,,,,,,,,,,,,,,,,,,,,,,,,,,,,,,,,,,,,,,,,,,,,,,,,,,,,,,,,,,,,,
1.00380229,1.200704225,,,,,,,,,,,,,,,,,,,,,,,,,,,,,,,,,,,,,,,,,,,,,,,,,,,,,,,,,,,,,
0.98986059,1.152288732,,,,,,,,,,,,,,,,,,,,,,,,,,,,,,,,,,,,,,,,,,,,,,,,,,,,,,,,,,,,,
0.66920153,1.810739437,,,,,,,,,,,,,,,,,,,,,,,,,,,,,,,,,,,,,,,,,,,,,,,,,,,,,,,,,,,,,
0.85044361,0.89084507,,,,,,,,,,,,,,,,,,,,,,,,,,,,,,,,,,,,,,,,,,,,,,,,,,,,,,,,,,,,,
3.29024084,1.336267606,,,,,,,,,,,,,,,,,,,,,,,,,,,,,,,,,,,,,,,,,,,,,,,,,,,,,,,,,,,,,
0.62737643,2.285211268,,,,,,,,,,,,,,,,,,,,,,,,,,,,,,,,,,,,,,,,,,,,,,,,,,,,,,,,,,,,,
1.43599494,1.617077465,,,,,,,,,,,,,,,,,,,,,,,,,,,,,,,,,,,,,,,,,,,,,,,,,,,,,,,,,,,,,
1.40811155,1.655809859,,,,,,,,,,,,,,,,,,,,,,,,,,,,,,,,,,,,,,,,,,,,,,,,,,,,,,,,,,,,,
1.04562739,1.287852113,,,,,,,,,,,,,,,,,,,,,,,,,,,,,,,,,,,,,,,,,,,,,,,,,,,,,,,,,,,,,
0.32065907,,,,,,,,,,,,,,,,,,,,,,,,,,,,,,,,,,,,,,,,,,,,,,,,,,,,,,,,,,,,,,
0.59949304,,,,,,,,,,,,,,,,,,,,,,,,,,,,,,,,,,,,,,,,,,,,,,,,,,,,,,,,,,,,,,
0.15335868,,,,,,,,,,,,,,,,,,,,,,,,,,,,,,,,,,,,,,,,,,,,,,,,,,,,,,,,,,,,,,
0.79467681,,,,,,,,,,,,,,,,,,,,,,,,,,,,,,,,,,,,,,,,,,,,,,,,,,,,,,,,,,,,,,
0.86438531,,,,,,,,,,,,,,,,,,,,,,,,,,,,,,,,,,,,,,,,,,,,,,,,,,,,,,,,,,,,,,
0.622517,,,,,,,,,,,,,,,,,,,,,,,,,,,,,,,,,,,,,,,,,,,,,,,,,,,,,,,,,,,,,,
0.81457,,,,,,,,,,,,,,,,,,,,,,,,,,,,,,,,,,,,,,,,,,,,,,,,,,,,,,,,,,,,,,
0.980132,,,,,,,,,,,,,,,,,,,,,,,,,,,,,,,,,,,,,,,,,,,,,,,,,,,,,,,,,,,,,,
1.430464,,,,,,,,,,,,,,,,,,,,,,,,,,,,,,,,,,,,,,,,,,,,,,,,,,,,,,,,,,,,,,
0.523179,,,,,,,,,,,,,,,,,,,,,,,,,,,,,,,,,,,,,,,,,,,,,,,,,,,,,,,,,,,,,,
0.403974,,,,,,,,,,,,,,,,,,,,,,,,,,,,,,,,,,,,,,,,,,,,,,,,,,,,,,,,,,,,,,
1.02649,,,,,,,,,,,,,,,,,,,,,,,,,,,,,,,,,,,,,,,,,,,,,,,,,,,,,,,,,,,,,,
0.986755,,,,,,,,,,,,,,,,,,,,,,,,,,,,,,,,,,,,,,,,,,,,,,,,,,,,,,,,,,,,,,
1.311258,,,,,,,,,,,,,,,,,,,,,,,,,,,,,,,,,,,,,,,,,,,,,,,,,,,,,,,,,,,,,,
1.377483,,,,,,,,,,,,,,,,,,,,,,,,,,,,,,,,,,,,,,,,,,,,,,,,,,,,,,,,,,,,,,
1.331126,,,,,,,,,,,,,,,,,,,,,,,,,,,,,,,,,,,,,,,,,,,,,,,,,,,,,,,,,,,,,,
1.086093,,,,,,,,,,,,,,,,,,,,,,,,,,,,,,,,,,,,,,,,,,,,,,,,,,,,,,,,,,,,,,
0.271523,,,,,,,,,,,,,,,,,,,,,,,,,,,,,,,,,,,,,,,,,,,,,,,,,,,,,,,,,,,,,,
1.006623,,,,,,,,,,,,,,,,,,,,,,,,,,,,,,,,,,,,,,,,,,,,,,,,,,,,,,,,,,,,,,
1.503311,,,,,,,,,,,,,,,,,,,,,,,,,,,,,,,,,,,,,,,,,,,,,,,,,,,,,,,,,,,,,,
1.099338,,,,,,,,,,,,,,,,,,,,,,,,,,,,,,,,,,,,,,,,,,,,,,,,,,,,,,,,,,,,,,
0.655629,,,,,,,,,,,,,,,,,,,,,,,,,,,,,,,,,,,,,,,,,,,,,,,,,,,,,,,,,,,,,,
1.642384,,,,,,,,,,,,,,,,,,,,,,,,,,,,,,,,,,,,,,,,,,,,,,,,,,,,,,,,,,,,,,
1.463576,,,,,,,,,,,,,,,,,,,,,,,,,,,,,,,,,,,,,,,,,,,,,,,,,,,,,,,,,,,,,,
1.331126,,,,,,,,,,,,,,,,,,,,,,,,,,,,,,,,,,,,,,,,,,,,,,,,,,,,,,,,,,,,,,
1.410596,,,,,,,,,,,,,,,,,,,,,,,,,,,,,,,,,,,,,,,,,,,,,,,,,,,,,,,,,,,,,,
0.933775,,,,,,,,,,,,,,,,,,,,,,,,,,,,,,,,,,,,,,,,,,,,,,,,,,,,,,,,,,,,,,
1.046358,,,,,,,,,,,,,,,,,,,,,,,,,,,,,,,,,,,,,,,,,,,,,,,,,,,,,,,,,,,,,,
0.211921,,,,,,,,,,,,,,,,,,,,,,,,,,,,,,,,,,,,,,,,,,,,,,,,,,,,,,,,,,,,,,
1.165563,,,,,,,,,,,,,,,,,,,,,,,,,,,,,,,,,,,,,,,,,,,,,,,,,,,,,,,,,,,,,,
1.172185,,,,,,,,,,,,,,,,,,,,,,,,,,,,,,,,,,,,,,,,,,,,,,,,,,,,,,,,,,,,,,
1.165563,,,,,,,,,,,,,,,,,,,,,,,,,,,,,,,,,,,,,,,,,,,,,,,,,,,,,,,,,,,,,,
0.92053,,,,,,,,,,,,,,,,,,,,,,,,,,,,,,,,,,,,,,,,,,,,,,,,,,,,,,,,,,,,,,
0.94702,,,,,,,,,,,,,,,,,,,,,,,,,,,,,,,,,,,,,,,,,,,,,,,,,,,,,,,,,,,,,,
0.483444,,,,,,,,,,,,,,,,,,,,,,,,,,,,,,,,,,,,,,,,,,,,,,,,,,,,,,,,,,,,,,
1.145695,,,,,,,,,,,,,,,,,,,,,,,,,,,,,,,,,,,,,,,,,,,,,,,,,,,,,,,,,,,,,,
1.178808,,,,,,,,,,,,,,,,,,,,,,,,,,,,,,,,,,,,,,,,,,,,,,,,,,,,,,,,,,,,,,
0.350993,,,,,,,,,,,,,,,,,,,,,,,,,,,,,,,,,,,,,,,,,,,,,,,,,,,,,,,,,,,,,,
1.26510306,,,,,,,,,,,,,,,,,,,,,,,,,,,,,,,,,,,,,,,,,,,,,,,,,,,,,,,,,,,,,,
1.0732054,,,,,,,,,,,,,,,,,,,,,,,,,,,,,,,,,,,,,,,,,,,,,,,,,,,,,,,,,,,,,,
0.69651741,,,,,,,,,,,,,,,,,,,,,,,,,,,,,,,,,,,,,,,,,,,,,,,,,,,,,,,,,,,,,,
1.17981521,,,,,,,,,,,,,,,,,,,,,,,,,,,,,,,,,,,,,,,,,,,,,,,,,,,,,,,,,,,,,,
1.0732054,,,,,,,,,,,,,,,,,,,,,,,,,,,,,,,,,,,,,,,,,,,,,,,,,,,,,,,,,,,,,,
0.40511727,,,,,,,,,,,,,,,,,,,,,,,,,,,,,,,,,,,,,,,,,,,,,,,,,,,,,,,,,,,,,,
1.40724947,,,,,,,,,,,,,,,,,,,,,,,,,,,,,,,,,,,,,,,,,,,,,,,,,,,,,,,,,,,,,,
0.82444918,,,,,,,,,,,,,,,,,,,,,,,,,,,,,,,,,,,,,,,,,,,,,,,,,,,,,,,,,,,,,,
0.73205402,,,,,,,,,,,,,,,,,,,,,,,,,,,,,,,,,,,,,,,,,,,,,,,,,,,,,,,,,,,,,,
0.67519545,,,,,,,,,,,,,,,,,,,,,,,,,,,,,,,,,,,,,,,,,,,,,,,,,,,,,,,,,,,,,,
0.61833689,,,,,,,,,,,,,,,,,,,,,,,,,,,,,,,,,,,,,,,,,,,,,,,,,,,,,,,,,,,,,,
1.30774698,,,,,,,,,,,,,,,,,,,,,,,,,,,,,,,,,,,,,,,,,,,,,,,,,,,,,,,,,,,,,,
0.90973703,,,,,,,,,,,,,,,,,,,,,,,,,,,,,,,,,,,,,,,,,,,,,,,,,,,,,,,,,,,,,,
0.61122957,,,,,,,,,,,,,,,,,,,,,,,,,,,,,,,,,,,,,,,,,,,,,,,,,,,,,,,,,,,,,,
1.33617626,,,,,,,,,,,,,,,,,,,,,,,,,,,,,,,,,,,,,,,,,,,,,,,,,,,,,,,,,,,,,,
1.8692253,,,,,,,,,,,,,,,,,,,,,,,,,,,,,,,,,,,,,,,,,,,,,,,,,,,,,,,,,,,,,,
1.21535181,,,,,,,,,,,,,,,,,,,,,,,,,,,,,,,,,,,,,,,,,,,,,,,,,,,,,,,,,,,,,,
0.88841507,,,,,,,,,,,,,,,,,,,,,,,,,,,,,,,,,,,,,,,,,,,,,,,,,,,,,,,,,,,,,,
1.61336176,,,,,,,,,,,,,,,,,,,,,,,,,,,,,,,,,,,,,,,,,,,,,,,,,,,,,,,,,,,,,,
1.0021322,,,,,,,,,,,,,,,,,,,,,,,,,,,,,,,,,,,,,,,,,,,,,,,,,,,,,,,,,,,,,,
0.52594172,,,,,,,,,,,,,,,,,,,,,,,,,,,,,,,,,,,,,,,,,,,,,,,,,,,,,,,,,,,,,,
0.22032694,,,,,,,,,,,,,,,,,,,,,,,,,,,,,,,,,,,,,,,,,,,,,,,,,,,,,,,,,,,,,,
1.16560057,,,,,,,,,,,,,,,,,,,,,,,,,,,,,,,,,,,,,,,,,,,,,,,,,,,,,,,,,,,,,,
1.9047619,,,,,,,,,,,,,,,,,,,,,,,,,,,,,,,,,,,,,,,,,,,,,,,,,,,,,,,,,,,,,,
0.86709311,,,,,,,,,,,,,,,,,,,,,,,,,,,,,,,,,,,,,,,,,,,,,,,,,,,,,,,,,,,,,,
0.49040512,,,,,,,,,,,,,,,,,,,,,,,,,,,,,,,,,,,,,,,,,,,,,,,,,,,,,,,,,,,,,,
1.42857143,,,,,,,,,,,,,,,,,,,,,,,,,,,,,,,,,,,,,,,,,,,,,,,,,,,,,,,,,,,,,,
1.12295665,,,,,,,,,,,,,,,,,,,,,,,,,,,,,,,,,,,,,,,,,,,,,,,,,,,,,,,,,,,,,,
0.57569296,,,,,,,,,,,,,,,,,,,,,,,,,,,,,,,,,,,,,,,,,,,,,,,,,,,,,,,,,,,,,,
0.59079062,,,,,,,,,,,,,,,,,,,,,,,,,,,,,,,,,,,,,,,,,,,,,,,,,,,,,,,,,,,,,,
0.13900956,,,,,,,,,,,,,,,,,,,,,,,,,,,,,,,,,,,,,,,,,,,,,,,,,,,,,,,,,,,,,,
1.13814075,,,,,,,,,,,,,,,,,,,,,,,,,,,,,,,,,,,,,,,,,,,,,,,,,,,,,,,,,,,,,,
0.61685491,,,,,,,,,,,,,,,,,,,,,,,,,,,,,,,,,,,,,,,,,,,,,,,,,,,,,,,,,,,,,,
2.07645526,,,,,,,,,,,,,,,,,,,,,,,,,,,,,,,,,,,,,,,,,,,,,,,,,,,,,,,,,,,,,,
0.71242398,,,,,,,,,,,,,,,,,,,,,,,,,,,,,,,,,,,,,,,,,,,,,,,,,,,,,,,,,,,,,,
1.22502172,,,,,,,,,,,,,,,,,,,,,,,,,,,,,,,,,,,,,,,,,,,,,,,,,,,,,,,,,,,,,,
0.85143354,,,,,,,,,,,,,,,,,,,,,,,,,,,,,,,,,,,,,,,,,,,,,,,,,,,,,,,,,,,,,,
1.15551694,,,,,,,,,,,,,,,,,,,,,,,,,,,,,,,,,,,,,,,,,,,,,,,,,,,,,,,,,,,,,,
1.24239791,,,,,,,,,,,,,,,,,,,,,,,,,,,,,,,,,,,,,,,,,,,,,,,,,,,,,,,,,,,,,,
1.74630756,,,,,,,,,,,,,,,,,,,,,,,,,,,,,,,,,,,,,,,,,,,,,,,,,,,,,,,,,,,,,,
1.18158123,,,,,,,,,,,,,,,,,,,,,,,,,,,,,,,,,,,,,,,,,,,,,,,,,,,,,,,,,,,,,,
0.3214596,,,,,,,,,,,,,,,,,,,,,,,,,,,,,,,,,,,,,,,,,,,,,,,,,,,,,,,,,,,,,,
1.05125977,,,,,,,,,,,,,,,,,,,,,,,,,,,,,,,,,,,,,,,,,,,,,,,,,,,,,,,,,,,,,,
0.59947871,,,,,,,,,,,,,,,,,,,,,,,,,,,,,,,,,,,,,,,,,,,,,,,,,,,,,,,,,,,,,,
1.32927889,,,,,,,,,,,,,,,,,,,,,,,,,,,,,,,,,,,,,,,,,,,,,,,,,,,,,,,,,,,,,,
0.44309296,,,,,,,,,,,,,,,,,,,,,,,,,,,,,,,,,,,,,,,,,,,,,,,,,,,,,,,,,,,,,,
0.46046916,,,,,,,,,,,,,,,,,,,,,,,,,,,,,,,,,,,,,,,,,,,,,,,,,,,,,,,,,,,,,,
1.45960035,,,,,,,,,,,,,,,,,,,,,,,,,,,,,,,,,,,,,,,,,,,,,,,,,,,,,,,,,,,,,,
1.39878367,,,,,,,,,,,,,,,,,,,,,,,,,,,,,,,,,,,,,,,,,,,,,,,,,,,,,,,,,,,,,,
1.98088619,,,,,,,,,,,,,,,,,,,,,,,,,,,,,,,,,,,,,,,,,,,,,,,,,,,,,,,,,,,,,,
1.2771503,,,,,,,,,,,,,,,,,,,,,,,,,,,,,,,,,,,,,,,,,,,,,,,,,,,,,,,,,,,,,,
0.59079062,,,,,,,,,,,,,,,,,,,,,,,,,,,,,,,,,,,,,,,,,,,,,,,,,,,,,,,,,,,,,,
0.59947871,,,,,,,,,,,,,,,,,,,,,,,,,,,,,,,,,,,,,,,,,,,,,,,,,,,,,,,,,,,,,,
0.78192876,,,,,,,,,,,,,,,,,,,,,,,,,,,,,,,,,,,,,,,,,,,,,,,,,,,,,,,,,,,,,,
1.03388358,,,,,,,,,,,,,,,,,,,,,,,,,,,,,,,,,,,,,,,,,,,,,,,,,,,,,,,,,,,,,,
0.31496063,,,,,,,,,,,,,,,,,,,,,,,,,,,,,,,,,,,,,,,,,,,,,,,,,,,,,,,,,,,,,,
0.77755906,,,,,,,,,,,,,,,,,,,,,,,,,,,,,,,,,,,,,,,,,,,,,,,,,,,,,,,,,,,,,,
0.57086614,,,,,,,,,,,,,,,,,,,,,,,,,,,,,,,,,,,,,,,,,,,,,,,,,,,,,,,,,,,,,,
0.85629921,,,,,,,,,,,,,,,,,,,,,,,,,,,,,,,,,,,,,,,,,,,,,,,,,,,,,,,,,,,,,,
1.24015748,,,,,,,,,,,,,,,,,,,,,,,,,,,,,,,,,,,,,,,,,,,,,,,,,,,,,,,,,,,,,,
0.5511811,,,,,,,,,,,,,,,,,,,,,,,,,,,,,,,,,,,,,,,,,,,,,,,,,,,,,,,,,,,,,,
0.53149606,,,,,,,,,,,,,,,,,,,,,,,,,,,,,,,,,,,,,,,,,,,,,,,,,,,,,,,,,,,,,,
1.44685039,,,,,,,,,,,,,,,,,,,,,,,,,,,,,,,,,,,,,,,,,,,,,,,,,,,,,,,,,,,,,,
1.24015748,,,,,,,,,,,,,,,,,,,,,,,,,,,,,,,,,,,,,,,,,,,,,,,,,,,,,,,,,,,,,,
0.6003937,,,,,,,,,,,,,,,,,,,,,,,,,,,,,,,,,,,,,,,,,,,,,,,,,,,,,,,,,,,,,,
0.25590551,,,,,,,,,,,,,,,,,,,,,,,,,,,,,,,,,,,,,,,,,,,,,,,,,,,,,,,,,,,,,,
0.92519685,,,,,,,,,,,,,,,,,,,,,,,,,,,,,,,,,,,,,,,,,,,,,,,,,,,,,,,,,,,,,,
1.63385827,,,,,,,,,,,,,,,,,,,,,,,,,,,,,,,,,,,,,,,,,,,,,,,,,,,,,,,,,,,,,,
0.41338583,,,,,,,,,,,,,,,,,,,,,,,,,,,,,,,,,,,,,,,,,,,,,,,,,,,,,,,,,,,,,,
0.18700787,,,,,,,,,,,,,,,,,,,,,,,,,,,,,,,,,,,,,,,,,,,,,,,,,,,,,,,,,,,,,,
2.02755906,,,,,,,,,,,,,,,,,,,,,,,,,,,,,,,,,,,,,,,,,,,,,,,,,,,,,,,,,,,,,,
1.17125984,,,,,,,,,,,,,,,,,,,,,,,,,,,,,,,,,,,,,,,,,,,,,,,,,,,,,,,,,,,,,,
0.7480315,,,,,,,,,,,,,,,,,,,,,,,,,,,,,,,,,,,,,,,,,,,,,,,,,,,,,,,,,,,,,,
0.43307087,,,,,,,,,,,,,,,,,,,,,,,,,,,,,,,,,,,,,,,,,,,,,,,,,,,,,,,,,,,,,,
0.7480315,,,,,,,,,,,,,,,,,,,,,,,,,,,,,,,,,,,,,,,,,,,,,,,,,,,,,,,,,,,,,,
0.5019685,,,,,,,,,,,,,,,,,,,,,,,,,,,,,,,,,,,,,,,,,,,,,,,,,,,,,,,,,,,,,,
0.57086614,,,,,,,,,,,,,,,,,,,,,,,,,,,,,,,,,,,,,,,,,,,,,,,,,,,,,,,,,,,,,,
1.41732283,,,,,,,,,,,,,,,,,,,,,,,,,,,,,,,,,,,,,,,,,,,,,,,,,,,,,,,,,,,,,,
0.7480315,,,,,,,,,,,,,,,,,,,,,,,,,,,,,,,,,,,,,,,,,,,,,,,,,,,,,,,,,,,,,,
0.92519685,,,,,,,,,,,,,,,,,,,,,,,,,,,,,,,,,,,,,,,,,,,,,,,,,,,,,,,,,,,,,,
2.69685039,,,,,,,,,,,,,,,,,,,,,,,,,,,,,,,,,,,,,,,,,,,,,,,,,,,,,,,,,,,,,,
2.72637795,,,,,,,,,,,,,,,,,,,,,,,,,,,,,,,,,,,,,,,,,,,,,,,,,,,,,,,,,,,,,,
0.62007874,,,,,,,,,,,,,,,,,,,,,,,,,,,,,,,,,,,,,,,,,,,,,,,,,,,,,,,,,,,,,,
2.12598425,,,,,,,,,,,,,,,,,,,,,,,,,,,,,,,,,,,,,,,,,,,,,,,,,,,,,,,,,,,,,,
0.35277257,,,,,,,,,,,,,,,,,,,,,,,,,,,,,,,,,,,,,,,,,,,,,,,,,,,,,,,,,,,,,,
0.62837614,,,,,,,,,,,,,,,,,,,,,,,,,,,,,,,,,,,,,,,,,,,,,,,,,,,,,,,,,,,,,,
0.48506229,,,,,,,,,,,,,,,,,,,,,,,,,,,,,,,,,,,,,,,,,,,,,,,,,,,,,,,,,,,,,,
1.67566972,,,,,,,,,,,,,,,,,,,,,,,,,,,,,,,,,,,,,,,,,,,,,,,,,,,,,,,,,,,,,,
0.20945871,,,,,,,,,,,,,,,,,,,,,,,,,,,,,,,,,,,,,,,,,,,,,,,,,,,,,,,,,,,,,,
0.926028,,,,,,,,,,,,,,,,,,,,,,,,,,,,,,,,,,,,,,,,,,,,,,,,,,,,,,,,,,,,,,
1.99536986,,,,,,,,,,,,,,,,,,,,,,,,,,,,,,,,,,,,,,,,,,,,,,,,,,,,,,,,,,,,,,
0.47403814,,,,,,,,,,,,,,,,,,,,,,,,,,,,,,,,,,,,,,,,,,,,,,,,,,,,,,,,,,,,,,
0.154338,,,,,,,,,,,,,,,,,,,,,,,,,,,,,,,,,,,,,,,,,,,,,,,,,,,,,,,,,,,,,,
0.70554514,,,,,,,,,,,,,,,,,,,,,,,,,,,,,,,,,,,,,,,,,,,,,,,,,,,,,,,,,,,,,,
2.006394,,,,,,,,,,,,,,,,,,,,,,,,,,,,,,,,,,,,,,,,,,,,,,,,,,,,,,,,,,,,,,
1.33392129,,,,,,,,,,,,,,,,,,,,,,,,,,,,,,,,,,,,,,,,,,,,,,,,,,,,,,,,,,,,,,
0.79373829,,,,,,,,,,,,,,,,,,,,,,,,,,,,,,,,,,,,,,,,,,,,,,,,,,,,,,,,,,,,,,
0.926028,,,,,,,,,,,,,,,,,,,,,,,,,,,,,,,,,,,,,,,,,,,,,,,,,,,,,,,,,,,,,,
1.64259729,,,,,,,,,,,,,,,,,,,,,,,,,,,,,,,,,,,,,,,,,,,,,,,,,,,,,,,,,,,,,,
1.04729357,,,,,,,,,,,,,,,,,,,,,,,,,,,,,,,,,,,,,,,,,,,,,,,,,,,,,,,,,,,,,,
1.466211,,,,,,,,,,,,,,,,,,,,,,,,,,,,,,,,,,,,,,,,,,,,,,,,,,,,,,,,,,,,,,
1.79693529,,,,,,,,,,,,,,,,,,,,,,,,,,,,,,,,,,,,,,,,,,,,,,,,,,,,,,,,,,,,,,
1.49928343,,,,,,,,,,,,,,,,,,,,,,,,,,,,,,,,,,,,,,,,,,,,,,,,,,,,,,,,,,,,,,
0.37482086,,,,,,,,,,,,,,,,,,,,,,,,,,,,,,,,,,,,,,,,,,,,,,,,,,,,,,,,,,,,,,
0.90397972,,,,,,,,,,,,,,,,,,,,,,,,,,,,,,,,,,,,,,,,,,,,,,,,,,,,,,,,,,,,,,
0.72759343,,,,,,,,,,,,,,,,,,,,,,,,,,,,,,,,,,,,,,,,,,,,,,,,,,,,,,,,,,,,,,
1.03626943,,,,,,,,,,,,,,,,,,,,,,,,,,,,,,,,,,,,,,,,,,,,,,,,,,,,,,,,,,,,,,
0.83783486,,,,,,,,,,,,,,,,,,,,,,,,,,,,,,,,,,,,,,,,,,,,,,,,,,,,,,,,,,,,,,
0.403335861,,,,,,,,,,,,,,,,,,,,,,,,,,,,,,,,,,,,,,,,,,,,,,,,,,,,,,,,,,,,,,
0.950720243,,,,,,,,,,,,,,,,,,,,,,,,,,,,,,,,,,,,,,,,,,,,,,,,,,,,,,,,,,,,,,
0.316906748,,,,,,,,,,,,,,,,,,,,,,,,,,,,,,,,,,,,,,,,,,,,,,,,,,,,,,,,,,,,,,
1.483699773,,,,,,,,,,,,,,,,,,,,,,,,,,,,,,,,,,,,,,,,,,,,,,,,,,,,,,,,,,,,,,
0.302501895,,,,,,,,,,,,,,,,,,,,,,,,,,,,,,,,,,,,,,,,,,,,,,,,,,,,,,,,,,,,,,
1.325246399,,,,,,,,,,,,,,,,,,,,,,,,,,,,,,,,,,,,,,,,,,,,,,,,,,,,,,,,,,,,,,
0.605003791,,,,,,,,,,,,,,,,,,,,,,,,,,,,,,,,,,,,,,,,,,,,,,,,,,,,,,,,,,,,,,
1.008339651,,,,,,,,,,,,,,,,,,,,,,,,,,,,,,,,,,,,,,,,,,,,,,,,,,,,,,,,,,,,,,
1.123578469,,,,,,,,,,,,,,,,,,,,,,,,,,,,,,,,,,,,,,,,,,,,,,,,,,,,,,,,,,,,,,
1.195602729,,,,,,,,,,,,,,,,,,,,,,,,,,,,,,,,,,,,,,,,,,,,,,,,,,,,,,,,,,,,,,
0.316906748,,,,,,,,,,,,,,,,,,,,,,,,,,,,,,,,,,,,,,,,,,,,,,,,,,,,,,,,,,,,,,
1.354056103,,,,,,,,,,,,,,,,,,,,,,,,,,,,,,,,,,,,,,,,,,,,,,,,,,,,,,,,,,,,,,
0.619408643,,,,,,,,,,,,,,,,,,,,,,,,,,,,,,,,,,,,,,,,,,,,,,,,,,,,,,,,,,,,,,
1.80060652,,,,,,,,,,,,,,,,,,,,,,,,,,,,,,,,,,,,,,,,,,,,,,,,,,,,,,,,,,,,,,
1.253222138,,,,,,,,,,,,,,,,,,,,,,,,,,,,,,,,,,,,,,,,,,,,,,,,,,,,,,,,,,,,,,
0.648218347,,,,,,,,,,,,,,,,,,,,,,,,,,,,,,,,,,,,,,,,,,,,,,,,,,,,,,,,,,,,,,
1.512509477,,,,,,,,,,,,,,,,,,,,,,,,,,,,,,,,,,,,,,,,,,,,,,,,,,,,,,,,,,,,,,
2.074298711,,,,,,,,,,,,,,,,,,,,,,,,,,,,,,,,,,,,,,,,,,,,,,,,,,,,,,,,,,,,,,
0.705837756,,,,,,,,,,,,,,,,,,,,,,,,,,,,,,,,,,,,,,,,,,,,,,,,,,,,,,,,,,,,,,
1.2,,,,,,,,,,,,,,,,,,,,,,,,,,,,,,,,,,,,,,,,,,,,,,,,,,,,,,,,,,,,,,
1.622857143,,,,,,,,,,,,,,,,,,,,,,,,,,,,,,,,,,,,,,,,,,,,,,,,,,,,,,,,,,,,,,
1.028571429,,,,,,,,,,,,,,,,,,,,,,,,,,,,,,,,,,,,,,,,,,,,,,,,,,,,,,,,,,,,,,
1.222857143,,,,,,,,,,,,,,,,,,,,,,,,,,,,,,,,,,,,,,,,,,,,,,,,,,,,,,,,,,,,,,
0.548571429,,,,,,,,,,,,,,,,,,,,,,,,,,,,,,,,,,,,,,,,,,,,,,,,,,,,,,,,,,,,,,
1.302857143,,,,,,,,,,,,,,,,,,,,,,,,,,,,,,,,,,,,,,,,,,,,,,,,,,,,,,,,,,,,,,
1.417142857,,,,,,,,,,,,,,,,,,,,,,,,,,,,,,,,,,,,,,,,,,,,,,,,,,,,,,,,,,,,,,
1.314285714,,,,,,,,,,,,,,,,,,,,,,,,,,,,,,,,,,,,,,,,,,,,,,,,,,,,,,,,,,,,,,
0.834285714,,,,,,,,,,,,,,,,,,,,,,,,,,,,,,,,,,,,,,,,,,,,,,,,,,,,,,,,,,,,,,
0.64,,,,,,,,,,,,,,,,,,,,,,,,,,,,,,,,,,,,,,,,,,,,,,,,,,,,,,,,,,,,,,
1.188571429,,,,,,,,,,,,,,,,,,,,,,,,,,,,,,,,,,,,,,,,,,,,,,,,,,,,,,,,,,,,,,
1.52,,,,,,,,,,,,,,,,,,,,,,,,,,,,,,,,,,,,,,,,,,,,,,,,,,,,,,,,,,,,,,
0.697142857,,,,,,,,,,,,,,,,,,,,,,,,,,,,,,,,,,,,,,,,,,,,,,,,,,,,,,,,,,,,,,
1.108571429,,,,,,,,,,,,,,,,,,,,,,,,,,,,,,,,,,,,,,,,,,,,,,,,,,,,,,,,,,,,,,
0.88,,,,,,,,,,,,,,,,,,,,,,,,,,,,,,,,,,,,,,,,,,,,,,,,,,,,,,,,,,,,,,
0.994285714,,,,,,,,,,,,,,,,,,,,,,,,,,,,,,,,,,,,,,,,,,,,,,,,,,,,,,,,,,,,,,
0.822857143,,,,,,,,,,,,,,,,,,,,,,,,,,,,,,,,,,,,,,,,,,,,,,,,,,,,,,,,,,,,,,
1.12,,,,,,,,,,,,,,,,,,,,,,,,,,,,,,,,,,,,,,,,,,,,,,,,,,,,,,,,,,,,,,
0.72,,,,,,,,,,,,,,,,,,,,,,,,,,,,,,,,,,,,,,,,,,,,,,,,,,,,,,,,,,,,,,
1.04,,,,,,,,,,,,,,,,,,,,,,,,,,,,,,,,,,,,,,,,,,,,,,,,,,,,,,,,,,,,,,
0.982857143,,,,,,,,,,,,,,,,,,,,,,,,,,,,,,,,,,,,,,,,,,,,,,,,,,,,,,,,,,,,,,
0.605714286,,,,,,,,,,,,,,,,,,,,,,,,,,,,,,,,,,,,,,,,,,,,,,,,,,,,,,,,,,,,,,
1.268571429,,,,,,,,,,,,,,,,,,,,,,,,,,,,,,,,,,,,,,,,,,,,,,,,,,,,,,,,,,,,,,
0.708571429,,,,,,,,,,,,,,,,,,,,,,,,,,,,,,,,,,,,,,,,,,,,,,,,,,,,,,,,,,,,,,
0.388571429,,,,,,,,,,,,,,,,,,,,,,,,,,,,,,,,,,,,,,,,,,,,,,,,,,,,,,,,,,,,,,
0.582857143,,,,,,,,,,,,,,,,,,,,,,,,,,,,,,,,,,,,,,,,,,,,,,,,,,,,,,,,,,,,,,
0.765714286,,,,,,,,,,,,,,,,,,,,,,,,,,,,,,,,,,,,,,,,,,,,,,,,,,,,,,,,,,,,,,
1.474285714,,,,,,,,,,,,,,,,,,,,,,,,,,,,,,,,,,,,,,,,,,,,,,,,,,,,,,,,,,,,,,
2.050232558,,,,,,,,,,,,,,,,,,,,,,,,,,,,,,,,,,,,,,,,,,,,,,,,,,,,,,,,,,,,,,
1.16,,,,,,,,,,,,,,,,,,,,,,,,,,,,,,,,,,,,,,,,,,,,,,,,,,,,,,,,,,,,,,
1.146511628,,,,,,,,,,,,,,,,,,,,,,,,,,,,,,,,,,,,,,,,,,,,,,,,,,,,,,,,,,,,,,
1.119534884,,,,,,,,,,,,,,,,,,,,,,,,,,,,,,,,,,,,,,,,,,,,,,,,,,,,,,,,,,,,,,
1.065581395,,,,,,,,,,,,,,,,,,,,,,,,,,,,,,,,,,,,,,,,,,,,,,,,,,,,,,,,,,,,,,
1.429767442,,,,,,,,,,,,,,,,,,,,,,,,,,,,,,,,,,,,,,,,,,,,,,,,,,,,,,,,,,,,,,
1.578139535,,,,,,,,,,,,,,,,,,,,,,,,,,,,,,,,,,,,,,,,,,,,,,,,,,,,,,,,,,,,,,
0.917209302,,,,,,,,,,,,,,,,,,,,,,,,,,,,,,,,,,,,,,,,,,,,,,,,,,,,,,,,,,,,,,
0.445116279,,,,,,,,,,,,,,,,,,,,,,,,,,,,,,,,,,,,,,,,,,,,,,,,,,,,,,,,,,,,,,
0.121395349,,,,,,,,,,,,,,,,,,,,,,,,,,,,,,,,,,,,,,,,,,,,,,,,,,,,,,,,,,,,,,
1.41627907,,,,,,,,,,,,,,,,,,,,,,,,,,,,,,,,,,,,,,,,,,,,,,,,,,,,,,,,,,,,,,
1.133023256,,,,,,,,,,,,,,,,,,,,,,,,,,,,,,,,,,,,,,,,,,,,,,,,,,,,,,,,,,,,,,
0.714883721,,,,,,,,,,,,,,,,,,,,,,,,,,,,,,,,,,,,,,,,,,,,,,,,,,,,,,,,,,,,,,
1.200465116,,,,,,,,,,,,,,,,,,,,,,,,,,,,,,,,,,,,,,,,,,,,,,,,,,,,,,,,,,,,,,
0.660930233,,,,,,,,,,,,,,,,,,,,,,,,,,,,,,,,,,,,,,,,,,,,,,,,,,,,,,,,,,,,,,
0.633953488,,,,,,,,,,,,,,,,,,,,,,,,,,,,,,,,,,,,,,,,,,,,,,,,,,,,,,,,,,,,,,
0.458604651,,,,,,,,,,,,,,,,,,,,,,,,,,,,,,,,,,,,,,,,,,,,,,,,,,,,,,,,,,,,,,
1.052093023,,,,,,,,,,,,,,,,,,,,,,,,,,,,,,,,,,,,,,,,,,,,,,,,,,,,,,,,,,,,,,
0.472093023,,,,,,,,,,,,,,,,,,,,,,,,,,,,,,,,,,,,,,,,,,,,,,,,,,,,,,,,,,,,,,
0.728372093,,,,,,,,,,,,,,,,,,,,,,,,,,,,,,,,,,,,,,,,,,,,,,,,,,,,,,,,,,,,,,
1.213953488,,,,,,,,,,,,,,,,,,,,,,,,,,,,,,,,,,,,,,,,,,,,,,,,,,,,,,,,,,,,,,
0.971162791,,,,,,,,,,,,,,,,,,,,,,,,,,,,,,,,,,,,,,,,,,,,,,,,,,,,,,,,,,,,,,
0.944186047,,,,,,,,,,,,,,,,,,,,,,,,,,,,,,,,,,,,,,,,,,,,,,,,,,,,,,,,,,,,,,
1.48372093,,,,,,,,,,,,,,,,,,,,,,,,,,,,,,,,,,,,,,,,,,,,,,,,,,,,,,,,,,,,,,
1.281395349,,,,,,,,,,,,,,,,,,,,,,,,,,,,,,,,,,,,,,,,,,,,,,,,,,,,,,,,,,,,,,
0.296744186,,,,,,,,,,,,,,,,,,,,,,,,,,,,,,,,,,,,,,,,,,,,,,,,,,,,,,,,,,,,,,
1.079069767,,,,,,,,,,,,,,,,,,,,,,,,,,,,,,,,,,,,,,,,,,,,,,,,,,,,,,,,,,,,,,
1.48372093,,,,,,,,,,,,,,,,,,,,,,,,,,,,,,,,,,,,,,,,,,,,,,,,,,,,,,,,,,,,,,
0.741860465,,,,,,,,,,,,,,,,,,,,,,,,,,,,,,,,,,,,,,,,,,,,,,,,,,,,,,,,,,,,,,
0.881161972,,,,,,,,,,,,,,,,,,,,,,,,,,,,,,,,,,,,,,,,,,,,,,,,,,,,,,,,,,,,,,
1.181338028,,,,,,,,,,,,,,,,,,,,,,,,,,,,,,,,,,,,,,,,,,,,,,,,,,,,,,,,,,,,,,
0.813380282,,,,,,,,,,,,,,,,,,,,,,,,,,,,,,,,,,,,,,,,,,,,,,,,,,,,,,,,,,,,,,
1.713908451,,,,,,,,,,,,,,,,,,,,,,,,,,,,,,,,,,,,,,,,,,,,,,,,,,,,,,,,,,,,,,
1.375,,,,,,,,,,,,,,,,,,,,,,,,,,,,,,,,,,,,,,,,,,,,,,,,,,,,,,,,,,,,,,
1.733274648,,,,,,,,,,,,,,,,,,,,,,,,,,,,,,,,,,,,,,,,,,,,,,,,,,,,,,,,,,,,,,
0.948943662,,,,,,,,,,,,,,,,,,,,,,,,,,,,,,,,,,,,,,,,,,,,,,,,,,,,,,,,,,,,,,
0.464788732,,,,,,,,,,,,,,,,,,,,,,,,,,,,,,,,,,,,,,,,,,,,,,,,,,,,,,,,,,,,,,
1.200704225,,,,,,,,,,,,,,,,,,,,,,,,,,,,,,,,,,,,,,,,,,,,,,,,,,,,,,,,,,,,,,
0.251760563,,,,,,,,,,,,,,,,,,,,,,,,,,,,,,,,,,,,,,,,,,,,,,,,,,,,,,,,,,,,,,
0.329225352,,,,,,,,,,,,,,,,,,,,,,,,,,,,,,,,,,,,,,,,,,,,,,,,,,,,,,,,,,,,,,
0.55193662,,,,,,,,,,,,,,,,,,,,,,,,,,,,,,,,,,,,,,,,,,,,,,,,,,,,,,,,,,,,,,
0.600352113,,,,,,,,,,,,,,,,,,,,,,,,,,,,,,,,,,,,,,,,,,,,,,,,,,,,,,,,,,,,,,
0.852112676,,,,,,,,,,,,,,,,,,,,,,,,,,,,,,,,,,,,,,,,,,,,,,,,,,,,,,,,,,,,,,
1.655809859,,,,,,,,,,,,,,,,,,,,,,,,,,,,,,,,,,,,,,,,,,,,,,,,,,,,,,,,,,,,,,
0.658450704,,,,,,,,,,,,,,,,,,,,,,,,,,,,,,,,,,,,,,,,,,,,,,,,,,,,,,,,,,,,,,
1.345950704,,,,,,,,,,,,,,,,,,,,,,,,,,,,,,,,,,,,,,,,,,,,,,,,,,,,,,,,,,,,,,
0.764964789,,,,,,,,,,,,,,,,,,,,,,,,,,,,,,,,,,,,,,,,,,,,,,,,,,,,,,,,,,,,,,
1.007042254,,,,,,,,,,,,,,,,,,,,,,,,,,,,,,,,,,,,,,,,,,,,,,,,,,,,,,,,,,,,,,
0.89084507,,,,,,,,,,,,,,,,,,,,,,,,,,,,,,,,,,,,,,,,,,,,,,,,,,,,,,,,,,,,,,
1.897887324,,,,,,,,,,,,,,,,,,,,,,,,,,,,,,,,,,,,,,,,,,,,,,,,,,,,,,,,,,,,,,
0.82306338,,,,,,,,,,,,,,,,,,,,,,,,,,,,,,,,,,,,,,,,,,,,,,,,,,,,,,,,,,,,,,
1.51056338,,,,,,,,,,,,,,,,,,,,,,,,,,,,,,,,,,,,,,,,,,,,,,,,,,,,,,,,,,,,,,
0.154929577,,,,,,,,,,,,,,,,,,,,,,,,,,,,,,,,,,,,,,,,,,,,,,,,,,,,,,,,,,,,,,
0.271126761,,,,,,,,,,,,,,,,,,,,,,,,,,,,,,,,,,,,,,,,,,,,,,,,,,,,,,,,,,,,,,
1.558978873,,,,,,,,,,,,,,,,,,,,,,,,,,,,,,,,,,,,,,,,,,,,,,,,,,,,,,,,,,,,,,
0.348591549,,,,,,,,,,,,,,,,,,,,,,,,,,,,,,,,,,,,,,,,,,,,,,,,,,,,,,,,,,,,,,
0.745598592,,,,,,,,,,,,,,,,,,,,,,,,,,,,,,,,,,,,,,,,,,,,,,,,,,,,,,,,,,,,,,
1.481514085,,,,,,,,,,,,,,,,,,,,,,,,,,,,,,,,,,,,,,,,,,,,,,,,,,,,,,,,,,,,,,
1.152288732,,,,,,,,,,,,,,,,,,,,,,,,,,,,,,,,,,,,,,,,,,,,,,,,,,,,,,,,,,,,,,
0.977992958,,,,,,,,,,,,,,,,,,,,,,,,,,,,,,,,,,,,,,,,,,,,,,,,,,,,,,,,,,,,,,
1.132922535,,,,,,,,,,,,,,,,,,,,,,,,,,,,,,,,,,,,,,,,,,,,,,,,,,,,,,,,,,,,,,
1.723591549,,,,,,,,,,,,,,,,,,,,,,,,,,,,,,,,,,,,,,,,,,,,,,,,,,,,,,,,,,,,,,